T,vth
-45,0.982901
-44,0.981215
-43,0.979529
-42,0.977844
-41,0.976158
-40,0.974472
-39,0.972787
-38,0.971101
-37,0.969415
-36,0.967729
-35,0.966044
-34,0.964358
-33,0.962672
-32,0.960987
-31,0.959301
-30,0.957615
-29,0.955929
-28,0.954244
-27,0.952558
-26,0.950872
-25,0.949187
-24,0.947501
-23,0.945815
-22,0.944129
-21,0.942444
-20,0.940758
-19,0.939072
-18,0.937387
-17,0.935701
-16,0.934015
-15,0.93233
-14,0.930644
-13,0.928958
-12,0.927272
-11,0.925587
-10,0.923901
-9,0.922215
-8,0.92053
-7,0.918844
-6,0.917158
-5,0.915472
-4,0.913787
-3,0.912101
-2,0.910415
-1,0.90873
0,0.907044
1,0.905358
2,0.903672
3,0.901987
4,0.900301
5,0.898615
6,0.89693
7,0.895244
8,0.893558
9,0.891872
10,0.890187
11,0.888501
12,0.886815
13,0.88513
14,0.883444
15,0.881758
16,0.880072
17,0.878387
18,0.876701
19,0.875015
20,0.87333
21,0.871644
22,0.869958
23,0.868272
24,0.866587
25,0.864901
26,0.863215
27,0.86153
28,0.859844
29,0.858158
30,0.856472
31,0.854787
32,0.853101
33,0.851415
34,0.84973
35,0.848044
36,0.846358
37,0.844672
38,0.842987
39,0.841301
40,0.839615
41,0.83793
42,0.836244
43,0.834558
44,0.832873
45,0.831187
46,0.829501
47,0.827815
48,0.82613
49,0.824444
50,0.822758
51,0.821073
52,0.819387
53,0.817701
54,0.816015
55,0.81433
56,0.812644
57,0.810958
58,0.809273
59,0.807587
60,0.805901
61,0.804215
62,0.80253
63,0.800844
64,0.799158
65,0.797473
66,0.795787
67,0.794101
68,0.792415
69,0.79073
70,0.789044
71,0.787358
72,0.785673
73,0.783987
74,0.782301
75,0.780615
76,0.77893
77,0.777244
78,0.775558
79,0.773873
80,0.772187
81,0.770501
82,0.768815
83,0.76713
84,0.765444
85,0.763758
86,0.762073
87,0.760387
88,0.758701
89,0.757015
90,0.75533
91,0.753644
92,0.751958
93,0.750273
94,0.748587
95,0.746901
96,0.745215
97,0.74353
98,0.741844
99,0.740158
100,0.738473
101,0.736787
102,0.735101
103,0.733416
104,0.73173
105,0.730044
106,0.728358
107,0.726673
108,0.724987
109,0.723301
110,0.721616
111,0.71993
112,0.718244
113,0.716558
114,0.714873
115,0.713187
116,0.711501
117,0.709816
118,0.70813
119,0.706444
120,0.704758
121,0.703073
122,0.701387
123,0.699701
124,0.698016
125,0.69633
